<?xml version="1.0" encoding="UTF-8"?>
<project-private xmlns="http://www.netbeans.org/ns/project-private/1">
    <editor-bookmarks xmlns="http://www.netbeans.org/ns/editor-bookmarks/2" lastBookmarkId="0"/>
    <open-files xmlns="http://www.netbeans.org/ns/projectui-open-files/2">
        <group>
            <file>file:/C:/Users/Alumno-ETI/Desktop/Semana7-1/Vectores/src/Casos/FrmDatos.java</file>
            <file>file:/C:/Users/Alumno-ETI/Desktop/Semana7-1/Vectores/src/Casos/FrmListado.java</file>
            <file>file:/C:/Users/Alumno-ETI/Desktop/Semana7-1/Vectores/src/Casos/Datos.java</file>
        </group>
    </open-files>
</project-private>
